-- Generated from framework.json
SET SQL_SAFE_UPDATES = 0;
DELETE FROM question_display_rules WHERE id IS NOT NULL;
DELETE FROM question_answer_options WHERE id IS NOT NULL;
DELETE FROM questions WHERE id IS NOT NULL;
DELETE FROM axes WHERE id IS NOT NULL;
SET SQL_SAFE_UPDATES = 1;

INSERT INTO axes (id, name, code, description, display_order, is_active) VALUES (1, 'Manage', 'manage', NULL, 1, TRUE);
INSERT INTO axes (id, name, code, description, display_order, is_active) VALUES (2, 'Analyze', 'analyze', NULL, 2, TRUE);
INSERT INTO axes (id, name, code, description, display_order, is_active) VALUES (3, 'Improve', 'improve', NULL, 3, TRUE);
INSERT INTO axes (id, name, code, description, display_order, is_active) VALUES (4, 'Profile', 'profile', 'Profiling information for assessment context', 4, TRUE);
INSERT INTO questions (id, axis_id, question_code, question_text, helper_text, answer_type, is_mandatory, is_scored, scoring_strategy, weight, display_order, is_active) VALUES (1, 1, 'Q1', 'When priorities are discussed, how visible is the customer point of view?', NULL, 'single_select', TRUE, TRUE, 'single_option_score', 1.0, 1, TRUE);
INSERT INTO question_answer_options (id, question_id, option_label, option_value, option_code, score, maturity_level, display_order, is_active) VALUES (1, 1, 'It is part of most discussions', 'A1', 'A1', 4.0, 4, 1, TRUE);
INSERT INTO question_answer_options (id, question_id, option_label, option_value, option_code, score, maturity_level, display_order, is_active) VALUES (2, 1, 'It is raised in some discussions', 'A2', 'A2', 3.0, 3, 2, TRUE);
INSERT INTO question_answer_options (id, question_id, option_label, option_value, option_code, score, maturity_level, display_order, is_active) VALUES (3, 1, 'It comes up mainly when there is a problem', 'A3', 'A3', 2.0, 2, 3, TRUE);
INSERT INTO question_answer_options (id, question_id, option_label, option_value, option_code, score, maturity_level, display_order, is_active) VALUES (4, 1, 'It is rarely part of the conversation', 'A4', 'A4', 1.0, 1, 4, TRUE);
INSERT INTO questions (id, axis_id, question_code, question_text, helper_text, answer_type, is_mandatory, is_scored, scoring_strategy, weight, display_order, is_active) VALUES (2, 1, 'Q2', 'Is there a clear plan to improve the customer experience?', NULL, 'single_select', TRUE, TRUE, 'single_option_score', 1.0, 2, TRUE);
INSERT INTO question_answer_options (id, question_id, option_label, option_value, option_code, score, maturity_level, display_order, is_active) VALUES (5, 2, 'Yes, and people know it', 'B1', 'B1', 4.0, 4, 1, TRUE);
INSERT INTO question_answer_options (id, question_id, option_label, option_value, option_code, score, maturity_level, display_order, is_active) VALUES (6, 2, 'Yes, but only some teams know it', 'B2', 'B2', 3.0, 3, 2, TRUE);
INSERT INTO question_answer_options (id, question_id, option_label, option_value, option_code, score, maturity_level, display_order, is_active) VALUES (7, 2, 'There are ideas, but no clear plan', 'B3', 'B3', 2.0, 2, 3, TRUE);
INSERT INTO question_answer_options (id, question_id, option_label, option_value, option_code, score, maturity_level, display_order, is_active) VALUES (8, 2, 'No clear plan', 'B4', 'B4', 1.0, 1, 4, TRUE);
INSERT INTO questions (id, axis_id, question_code, question_text, helper_text, answer_type, is_mandatory, is_scored, scoring_strategy, weight, display_order, is_active) VALUES (3, 1, 'Q3', 'Who usually takes the lead on customer experience topics?', NULL, 'single_select', TRUE, TRUE, 'single_option_score', 1.0, 3, TRUE);
INSERT INTO question_answer_options (id, question_id, option_label, option_value, option_code, score, maturity_level, display_order, is_active) VALUES (9, 3, 'One clear person or team', 'C1', 'C1', 4.0, 4, 1, TRUE);
INSERT INTO question_answer_options (id, question_id, option_label, option_value, option_code, score, maturity_level, display_order, is_active) VALUES (10, 3, 'A few teams share it', 'C2', 'C2', 3.0, 3, 2, TRUE);
INSERT INTO question_answer_options (id, question_id, option_label, option_value, option_code, score, maturity_level, display_order, is_active) VALUES (11, 3, 'It changes depending on the topic', 'C3', 'C3', 2.0, 2, 3, TRUE);
INSERT INTO question_answer_options (id, question_id, option_label, option_value, option_code, score, maturity_level, display_order, is_active) VALUES (12, 3, 'It is not really clear', 'C4', 'C4', 1.0, 1, 4, TRUE);
INSERT INTO questions (id, axis_id, question_code, question_text, helper_text, answer_type, is_mandatory, is_scored, scoring_strategy, weight, display_order, is_active) VALUES (4, 1, 'Q4', 'How do people learn what a good customer experience looks like here?', NULL, 'single_select', TRUE, TRUE, 'single_option_score', 1.0, 4, TRUE);
INSERT INTO question_answer_options (id, question_id, option_label, option_value, option_code, score, maturity_level, display_order, is_active) VALUES (13, 4, 'Through clear guidance and regular support', 'D1', 'D1', 4.0, 4, 1, TRUE);
INSERT INTO question_answer_options (id, question_id, option_label, option_value, option_code, score, maturity_level, display_order, is_active) VALUES (14, 4, 'Through some guidance, depending on the team', 'D2', 'D2', 3.0, 3, 2, TRUE);
INSERT INTO question_answer_options (id, question_id, option_label, option_value, option_code, score, maturity_level, display_order, is_active) VALUES (15, 4, 'Mostly by learning from others around them', 'D3', 'D3', 2.0, 2, 3, TRUE);
INSERT INTO question_answer_options (id, question_id, option_label, option_value, option_code, score, maturity_level, display_order, is_active) VALUES (16, 4, 'There is no real guidance today', 'D4', 'D4', 1.0, 1, 4, TRUE);
INSERT INTO questions (id, axis_id, question_code, question_text, helper_text, answer_type, is_mandatory, is_scored, scoring_strategy, weight, display_order, is_active) VALUES (5, 2, 'Q5', 'How often do you collect customer feedback?', NULL, 'single_select', TRUE, TRUE, 'single_option_score', 1.0, 1, TRUE);
INSERT INTO question_answer_options (id, question_id, option_label, option_value, option_code, score, maturity_level, display_order, is_active) VALUES (17, 5, 'Continuously or after key interactions', 'E1', 'E1', 4.0, 4, 1, TRUE);
INSERT INTO question_answer_options (id, question_id, option_label, option_value, option_code, score, maturity_level, display_order, is_active) VALUES (18, 5, 'Regularly, on a planned basis', 'E2', 'E2', 3.0, 3, 2, TRUE);
INSERT INTO question_answer_options (id, question_id, option_label, option_value, option_code, score, maturity_level, display_order, is_active) VALUES (19, 5, 'From time to time', 'E3', 'E3', 2.0, 2, 3, TRUE);
INSERT INTO question_answer_options (id, question_id, option_label, option_value, option_code, score, maturity_level, display_order, is_active) VALUES (20, 5, 'Only when an issue comes up', 'E4', 'E4', 1.0, 1, 4, TRUE);
INSERT INTO question_answer_options (id, question_id, option_label, option_value, option_code, score, maturity_level, display_order, is_active) VALUES (21, 5, 'We do not collect it', 'E5', 'E5', 0.0, 0, 5, TRUE);
INSERT INTO questions (id, axis_id, question_code, question_text, helper_text, answer_type, is_mandatory, is_scored, scoring_strategy, weight, display_order, is_active) VALUES (6, 2, 'Q6', 'Once feedback is collected, what usually happens next?', NULL, 'single_select', TRUE, TRUE, 'single_option_score', 1.0, 2, TRUE);
INSERT INTO question_answer_options (id, question_id, option_label, option_value, option_code, score, maturity_level, display_order, is_active) VALUES (22, 6, 'It is reviewed, analyzed, and turned into actions', 'F1', 'F1', 4.0, 4, 1, TRUE);
INSERT INTO question_answer_options (id, question_id, option_label, option_value, option_code, score, maturity_level, display_order, is_active) VALUES (23, 6, 'It is reviewed and summarized', 'F2', 'F2', 3.0, 3, 2, TRUE);
INSERT INTO question_answer_options (id, question_id, option_label, option_value, option_code, score, maturity_level, display_order, is_active) VALUES (24, 6, 'It is looked at case by case', 'F3', 'F3', 2.0, 2, 3, TRUE);
INSERT INTO question_answer_options (id, question_id, option_label, option_value, option_code, score, maturity_level, display_order, is_active) VALUES (25, 6, 'It is stored, but not really used', 'F4', 'F4', 1.0, 1, 4, TRUE);
INSERT INTO questions (id, axis_id, question_code, question_text, helper_text, answer_type, is_mandatory, is_scored, scoring_strategy, weight, display_order, is_active) VALUES (7, 2, 'Q7', 'Which journeys or moments do you track today?', NULL, 'single_select', TRUE, TRUE, 'single_option_score', 1.0, 3, TRUE);
INSERT INTO question_answer_options (id, question_id, option_label, option_value, option_code, score, maturity_level, display_order, is_active) VALUES (26, 7, 'End-to-end journeys across several touchpoints', 'G1', 'G1', 4.0, 4, 1, TRUE);
INSERT INTO question_answer_options (id, question_id, option_label, option_value, option_code, score, maturity_level, display_order, is_active) VALUES (27, 7, 'A few important journeys', 'G2', 'G2', 3.0, 3, 2, TRUE);
INSERT INTO question_answer_options (id, question_id, option_label, option_value, option_code, score, maturity_level, display_order, is_active) VALUES (28, 7, 'Individual touchpoints only', 'G3', 'G3', 2.0, 2, 3, TRUE);
INSERT INTO question_answer_options (id, question_id, option_label, option_value, option_code, score, maturity_level, display_order, is_active) VALUES (29, 7, 'Mostly service or complaint moments', 'G4', 'G4', 1.0, 1, 4, TRUE);
INSERT INTO question_answer_options (id, question_id, option_label, option_value, option_code, score, maturity_level, display_order, is_active) VALUES (30, 7, 'We do not really track journeys today', 'G5', 'G5', 0.0, 0, 5, TRUE);
INSERT INTO questions (id, axis_id, question_code, question_text, helper_text, answer_type, is_mandatory, is_scored, scoring_strategy, weight, display_order, is_active) VALUES (8, 2, 'Q8', 'How often is your view of the customer journey updated?', NULL, 'single_select', TRUE, TRUE, 'single_option_score', 1.0, 4, TRUE);
INSERT INTO question_answer_options (id, question_id, option_label, option_value, option_code, score, maturity_level, display_order, is_active) VALUES (31, 8, 'Regularly', 'H1', 'H1', 4.0, 4, 1, TRUE);
INSERT INTO question_answer_options (id, question_id, option_label, option_value, option_code, score, maturity_level, display_order, is_active) VALUES (32, 8, 'Sometimes', 'H2', 'H2', 3.0, 3, 2, TRUE);
INSERT INTO question_answer_options (id, question_id, option_label, option_value, option_code, score, maturity_level, display_order, is_active) VALUES (33, 8, 'Rarely', 'H3', 'H3', 2.0, 2, 3, TRUE);
INSERT INTO question_answer_options (id, question_id, option_label, option_value, option_code, score, maturity_level, display_order, is_active) VALUES (34, 8, 'It is not updated in a structured way', 'H4', 'H4', 1.0, 1, 4, TRUE);
INSERT INTO questions (id, axis_id, question_code, question_text, helper_text, answer_type, is_mandatory, is_scored, scoring_strategy, weight, display_order, is_active) VALUES (9, 2, 'Q9', 'How do you decide which journeys or moments matter most?', NULL, 'single_select', TRUE, TRUE, 'single_option_score', 1.0, 5, TRUE);
INSERT INTO question_answer_options (id, question_id, option_label, option_value, option_code, score, maturity_level, display_order, is_active) VALUES (35, 9, 'Using clear criteria based on impact and evidence', 'I1', 'I1', 4.0, 4, 1, TRUE);
INSERT INTO question_answer_options (id, question_id, option_label, option_value, option_code, score, maturity_level, display_order, is_active) VALUES (36, 9, 'Based on a mix of data and judgment', 'I2', 'I2', 3.0, 3, 2, TRUE);
INSERT INTO question_answer_options (id, question_id, option_label, option_value, option_code, score, maturity_level, display_order, is_active) VALUES (37, 9, 'Mostly based on internal views', 'I3', 'I3', 2.0, 2, 3, TRUE);
INSERT INTO question_answer_options (id, question_id, option_label, option_value, option_code, score, maturity_level, display_order, is_active) VALUES (38, 9, 'There is no clear way today', 'I4', 'I4', 1.0, 1, 4, TRUE);
INSERT INTO questions (id, axis_id, question_code, question_text, helper_text, answer_type, is_mandatory, is_scored, scoring_strategy, weight, display_order, is_active) VALUES (10, 3, 'Q10', 'When a pain point shows up, what usually happens?', NULL, 'single_select', TRUE, TRUE, 'single_option_score', 1.0, 1, TRUE);
INSERT INTO question_answer_options (id, question_id, option_label, option_value, option_code, score, maturity_level, display_order, is_active) VALUES (39, 10, 'It turns into action quickly', 'E1', 'E1', 4.0, 4, 1, TRUE);
INSERT INTO question_answer_options (id, question_id, option_label, option_value, option_code, score, maturity_level, display_order, is_active) VALUES (40, 10, 'It usually gets picked up', 'E2', 'E2', 3.0, 3, 2, TRUE);
INSERT INTO question_answer_options (id, question_id, option_label, option_value, option_code, score, maturity_level, display_order, is_active) VALUES (41, 10, 'It may be discussed first', 'E3', 'E3', 2.0, 2, 3, TRUE);
INSERT INTO question_answer_options (id, question_id, option_label, option_value, option_code, score, maturity_level, display_order, is_active) VALUES (42, 10, 'It often stays unresolved', 'E4', 'E4', 1.0, 1, 4, TRUE);
INSERT INTO questions (id, axis_id, question_code, question_text, helper_text, answer_type, is_mandatory, is_scored, scoring_strategy, weight, display_order, is_active) VALUES (11, 3, 'Q11', 'After a change is made, how do you know if it really helped?', NULL, 'single_select', TRUE, TRUE, 'single_option_score', 1.0, 2, TRUE);
INSERT INTO question_answer_options (id, question_id, option_label, option_value, option_code, score, maturity_level, display_order, is_active) VALUES (43, 11, 'We check results clearly', 'F1', 'F1', 4.0, 4, 1, TRUE);
INSERT INTO question_answer_options (id, question_id, option_label, option_value, option_code, score, maturity_level, display_order, is_active) VALUES (44, 11, 'We usually review the biggest changes', 'F2', 'F2', 3.0, 3, 2, TRUE);
INSERT INTO question_answer_options (id, question_id, option_label, option_value, option_code, score, maturity_level, display_order, is_active) VALUES (45, 11, 'We get a general sense of whether it worked', 'F3', 'F3', 2.0, 2, 3, TRUE);
INSERT INTO question_answer_options (id, question_id, option_label, option_value, option_code, score, maturity_level, display_order, is_active) VALUES (46, 11, 'We rarely go back and check', 'F4', 'F4', 1.0, 1, 4, TRUE);
INSERT INTO questions (id, axis_id, question_code, question_text, helper_text, answer_type, is_mandatory, is_scored, scoring_strategy, weight, display_order, is_active) VALUES (12, 3, 'Q12', 'When improvements are made, how is their business value measured?', NULL, 'single_select', TRUE, TRUE, 'single_option_score', 1.0, 3, TRUE);
INSERT INTO questions (id, axis_id, question_code, question_text, helper_text, answer_type, is_mandatory, is_scored, scoring_strategy, weight, display_order, is_active) VALUES (13, 4, 'P1', 'What is your company name?', 'This helps us provide more relevant recommendations.', 'text_area', FALSE, FALSE, NULL, NULL, 1, TRUE);
INSERT INTO questions (id, axis_id, question_code, question_text, helper_text, answer_type, is_mandatory, is_scored, scoring_strategy, weight, display_order, is_active) VALUES (14, 4, 'P2', 'What is your full name?', 'We use this to personalize your assessment results.', 'text_area', FALSE, FALSE, NULL, NULL, 2, TRUE);
INSERT INTO questions (id, axis_id, question_code, question_text, helper_text, answer_type, is_mandatory, is_scored, scoring_strategy, weight, display_order, is_active) VALUES (15, 4, 'P3', 'What is your work email?', 'This allows us to send you your results and follow up if needed.', 'text_area', FALSE, FALSE, NULL, NULL, 3, TRUE);
INSERT INTO questions (id, axis_id, question_code, question_text, helper_text, answer_type, is_mandatory, is_scored, scoring_strategy, weight, display_order, is_active) VALUES (16, 4, 'P4', 'What is your role or job title?', 'This helps us tailor recommendations to your level of responsibility.', 'text_area', FALSE, FALSE, NULL, NULL, 4, TRUE);
INSERT INTO question_answer_options (id, question_id, option_label, option_value, option_code, score, maturity_level, display_order, is_active) VALUES (47, 12, 'Through a defined approach', 'G1', 'G1', 4.0, 4, 1, TRUE);
INSERT INTO question_answer_options (id, question_id, option_label, option_value, option_code, score, maturity_level, display_order, is_active) VALUES (48, 12, 'In some cases', 'G2', 'G2', 3.0, 3, 2, TRUE);
INSERT INTO question_answer_options (id, question_id, option_label, option_value, option_code, score, maturity_level, display_order, is_active) VALUES (49, 12, 'Informally', 'G3', 'G3', 2.0, 2, 3, TRUE);
INSERT INTO question_answer_options (id, question_id, option_label, option_value, option_code, score, maturity_level, display_order, is_active) VALUES (50, 12, 'It is not measured today', 'G4', 'G4', 1.0, 1, 4, TRUE);

INSERT INTO question_display_rules (id, question_id, expected_option_id, next_question_id, transition_text, display_order, is_active) VALUES (1, 1, 1, 2, 'That’s a strong starting point. Since the customer perspective is already present in most discussions, is there also a shared plan to keep improving the experience?', 1, TRUE);
INSERT INTO question_display_rules (id, question_id, expected_option_id, next_question_id, transition_text, display_order, is_active) VALUES (2, 1, 2, 2, 'That helps. So the customer perspective is part of some conversations, but not all of them yet. Is there a clear plan to strengthen it?', 2, TRUE);
INSERT INTO question_display_rules (id, question_id, expected_option_id, next_question_id, transition_text, display_order, is_active) VALUES (3, 1, 3, 2, 'Thanks, that gives a good picture. If the customer perspective mostly comes up when something goes wrong, is there a plan to work on the experience more proactively?', 3, TRUE);
INSERT INTO question_display_rules (id, question_id, expected_option_id, next_question_id, transition_text, display_order, is_active) VALUES (4, 1, 4, 2, 'I see. If the customer perspective rarely comes up today, is there at least a plan in place to improve the experience?', 4, TRUE);
INSERT INTO question_display_rules (id, question_id, expected_option_id, next_question_id, transition_text, display_order, is_active) VALUES (5, 2, 5, 3, 'That’s a good foundation. With a plan already in place, who usually takes the lead on these topics?', 5, TRUE);
INSERT INTO question_display_rules (id, question_id, expected_option_id, next_question_id, transition_text, display_order, is_active) VALUES (6, 2, 6, 3, 'Got it. So the plan exists, but it has not reached everyone yet. Who usually takes the lead on these topics today?', 6, TRUE);
INSERT INTO question_display_rules (id, question_id, expected_option_id, next_question_id, transition_text, display_order, is_active) VALUES (7, 2, 7, 3, 'That makes sense. If there are ideas on the table but no shared plan yet, who usually pulls these topics forward?', 7, TRUE);
INSERT INTO question_display_rules (id, question_id, expected_option_id, next_question_id, transition_text, display_order, is_active) VALUES (8, 2, 8, 3, 'Thanks, that’s helpful to know. Without a clear plan today, who usually takes the lead on customer experience topics?', 8, TRUE);
INSERT INTO question_display_rules (id, question_id, expected_option_id, next_question_id, transition_text, display_order, is_active) VALUES (9, 3, 9, 4, 'That’s useful. With one clear owner in place, how do people across the organization learn what a good customer experience looks like here?', 9, TRUE);
INSERT INTO question_display_rules (id, question_id, expected_option_id, next_question_id, transition_text, display_order, is_active) VALUES (10, 3, 10, 4, 'That helps. Since a few teams share the role, how do people usually learn what good customer experience looks like here?', 10, TRUE);
INSERT INTO question_display_rules (id, question_id, expected_option_id, next_question_id, transition_text, display_order, is_active) VALUES (11, 3, 11, 4, 'Understood. If ownership shifts depending on the topic, how do people usually learn what good customer experience looks like?', 11, TRUE);
INSERT INTO question_display_rules (id, question_id, expected_option_id, next_question_id, transition_text, display_order, is_active) VALUES (12, 3, 12, 4, 'I see. If ownership is not very clear today, how do people learn what good customer experience looks like in practice?', 12, TRUE);
INSERT INTO question_display_rules (id, question_id, expected_option_id, next_question_id, transition_text, display_order, is_active) VALUES (13, 5, 17, 6, 'That is a strong starting point. You are hearing from customers at the moments that matter most. Once that feedback comes in, what usually happens next?', 13, TRUE);
INSERT INTO question_display_rules (id, question_id, expected_option_id, next_question_id, transition_text, display_order, is_active) VALUES (14, 5, 18, 6, 'That helps. So there is already a regular rhythm in place. Once feedback comes in, what do you usually do with it?', 14, TRUE);
INSERT INTO question_display_rules (id, question_id, expected_option_id, next_question_id, transition_text, display_order, is_active) VALUES (15, 5, 19, 6, 'Got it. So feedback is gathered at certain moments, but not all the time. When it does come in, what usually happens next?', 15, TRUE);
INSERT INTO question_display_rules (id, question_id, expected_option_id, next_question_id, transition_text, display_order, is_active) VALUES (16, 5, 20, 6, 'That makes sense. So feedback mostly appears when something needs attention. When that happens, what do you usually do next?', 16, TRUE);
INSERT INTO question_display_rules (id, question_id, expected_option_id, next_question_id, transition_text, display_order, is_active) VALUES (17, 5, 21, 6, 'Thanks, that is helpful to know. If customer input comes in through complaints, teams, or day-to-day interactions, what usually happens with it?', 17, TRUE);
INSERT INTO question_display_rules (id, question_id, expected_option_id, next_question_id, transition_text, display_order, is_active) VALUES (18, 6, 22, 7, 'That is a solid base. It means feedback is already feeding decisions. When you look across the experience, what journeys or moments do you actually track today?', 18, TRUE);
INSERT INTO question_display_rules (id, question_id, expected_option_id, next_question_id, transition_text, display_order, is_active) VALUES (19, 6, 23, 7, 'That is a useful start. So there is already some structure in how feedback is handled. What journeys or moments do you tend to track today?', 19, TRUE);
INSERT INTO question_display_rules (id, question_id, expected_option_id, next_question_id, transition_text, display_order, is_active) VALUES (20, 6, 24, 7, 'I see. So the picture is built one issue at a time today. What journeys or moments do you usually keep an eye on?', 20, TRUE);
INSERT INTO question_display_rules (id, question_id, expected_option_id, next_question_id, transition_text, display_order, is_active) VALUES (21, 6, 25, 7, 'Understood. So the challenge is not only hearing customers, but making use of what is heard. What journeys or moments do you track today, if any?', 21, TRUE);
INSERT INTO question_display_rules (id, question_id, expected_option_id, next_question_id, transition_text, display_order, is_active) VALUES (22, 7, 26, 8, 'That gives you quite a complete view. How often do you go back and refresh that journey view?', 22, TRUE);
INSERT INTO question_display_rules (id, question_id, expected_option_id, next_question_id, transition_text, display_order, is_active) VALUES (23, 7, 27, 8, 'That makes sense. Focusing on the key journeys first is often a practical way to start. How often do you revisit that view?', 23, TRUE);
INSERT INTO question_display_rules (id, question_id, expected_option_id, next_question_id, transition_text, display_order, is_active) VALUES (24, 7, 28, 8, 'Got it. So the view is still centered on specific touchpoints more than the full journey. How often is that view updated?', 24, TRUE);
INSERT INTO question_display_rules (id, question_id, expected_option_id, next_question_id, transition_text, display_order, is_active) VALUES (25, 7, 29, 8, 'Understood. So you mostly see the experience through the moments where things go wrong. How often do you step back and update that view?', 25, TRUE);
INSERT INTO question_display_rules (id, question_id, expected_option_id, next_question_id, transition_text, display_order, is_active) VALUES (26, 7, 30, 8, 'Thanks, that gives a clear picture. If there is any journey view today, how often does it actually get reviewed or updated?', 26, TRUE);
INSERT INTO question_display_rules (id, question_id, expected_option_id, next_question_id, transition_text, display_order, is_active) VALUES (27, 8, 31, 9, 'That is a positive sign. It suggests the journey view stays alive over time. When you decide where to focus, how do you decide which journeys or moments matter most?', 27, TRUE);
INSERT INTO question_display_rules (id, question_id, expected_option_id, next_question_id, transition_text, display_order, is_active) VALUES (28, 8, 32, 9, 'That helps. So the journey view gets refreshed from time to time. When you decide where to focus, how do you usually make that choice?', 28, TRUE);
INSERT INTO question_display_rules (id, question_id, expected_option_id, next_question_id, transition_text, display_order, is_active) VALUES (29, 8, 33, 9, 'Got it. So updates happen, but not very often. In that context, how do you decide which journeys or moments deserve attention first?', 29, TRUE);
INSERT INTO question_display_rules (id, question_id, expected_option_id, next_question_id, transition_text, display_order, is_active) VALUES (30, 8, 34, 9, 'I see. So keeping focus on the right moments becomes even more important. How do you usually decide what matters most?', 30, TRUE);
INSERT INTO question_display_rules (id, question_id, expected_option_id, next_question_id, transition_text, display_order, is_active) VALUES (31, 10, 39, 11, 'That’s a positive sign. When action happens quickly, how do you usually tell whether the change really made a difference?', 31, TRUE);
INSERT INTO question_display_rules (id, question_id, expected_option_id, next_question_id, transition_text, display_order, is_active) VALUES (32, 10, 40, 11, 'That helps. So issues are usually picked up. Once something is changed, how do you normally tell whether it really helped?', 32, TRUE);
INSERT INTO question_display_rules (id, question_id, expected_option_id, next_question_id, transition_text, display_order, is_active) VALUES (33, 10, 41, 11, 'Understood. So there is often a discussion before things move. When a change does happen, how do you usually know whether it helped?', 33, TRUE);
INSERT INTO question_display_rules (id, question_id, expected_option_id, next_question_id, transition_text, display_order, is_active) VALUES (34, 10, 42, 11, 'Thanks for being open about that. When improvements do happen, how do you usually tell whether they made things better?', 34, TRUE);
INSERT INTO question_display_rules (id, question_id, expected_option_id, next_question_id, transition_text, display_order, is_active) VALUES (35, 11, 43, 12, 'That’s a strong habit. And when improvements are made, how is their business value usually measured?', 35, TRUE);
INSERT INTO question_display_rules (id, question_id, expected_option_id, next_question_id, transition_text, display_order, is_active) VALUES (36, 11, 44, 12, 'That makes sense. So the bigger changes get reviewed. When improvements are made, how is their business value usually measured?', 36, TRUE);
INSERT INTO question_display_rules (id, question_id, expected_option_id, next_question_id, transition_text, display_order, is_active) VALUES (37, 11, 45, 12, 'Got it. So there is usually a feel for what worked, even if it is not always formal. When improvements are made, how is their business value measured?', 37, TRUE);
INSERT INTO question_display_rules (id, question_id, expected_option_id, next_question_id, transition_text, display_order, is_active) VALUES (38, 11, 46, 12, 'I see. So follow-up is still limited today. When improvements are made, how is their business value measured?', 38, TRUE);
